2026/09/25 10:11:11.480, 100
2026/09/25 10:11:11.981, 100
2026/09/25 10:11:12.481, 100
2026/09/25 10:11:12.981, 100
2026/09/25 10:11:13.481, 100
2026/09/25 10:11:13.981, 100
2026/09/25 10:11:14.481, 100
2026/09/25 10:11:14.982, 100
2026/09/25 10:11:15.482, 100
2026/09/25 10:11:15.982, 100
2026/09/25 10:11:16.482, 100
2026/09/25 10:11:16.982, 100
2026/09/25 10:11:17.482, 100
2026/09/25 10:11:17.982, 100
2026/09/25 10:11:18.482, 100
2026/09/25 10:11:18.983, 100
2026/09/25 10:11:19.483, 100
2026/09/25 10:11:19.983, 100
2026/09/25 10:11:20.483, 100
2026/09/25 10:11:20.983, 100
2026/09/25 10:11:21.483, 100
2026/09/25 10:11:21.983, 100
2026/09/25 10:11:22.484, 100
2026/09/25 10:11:22.984, 100
2026/09/25 10:11:23.484, 100
2026/09/25 10:11:23.984, 100
2026/09/25 10:11:24.484, 100
2026/09/25 10:11:24.984, 100
2026/09/25 10:11:25.484, 100
2026/09/25 10:11:25.984, 100
