2026/09/25 11:18:57.250, 38
2026/09/25 11:18:57.751, 0
2026/09/25 11:18:58.251, 100
2026/09/25 11:18:58.751, 100
2026/09/25 11:18:59.252, 100
2026/09/25 11:18:59.752, 74
2026/09/25 11:19:00.252, 77
2026/09/25 11:19:00.752, 77
2026/09/25 11:19:01.252, 100
2026/09/25 11:19:01.752, 100
2026/09/25 11:19:02.252, 100
2026/09/25 11:19:02.753, 100
2026/09/25 11:19:03.253, 74
2026/09/25 11:19:03.753, 72
2026/09/25 11:19:04.253, 77
2026/09/25 11:19:04.753, 100
2026/09/25 11:19:05.253, 100
2026/09/25 11:19:05.753, 100
2026/09/25 11:19:06.253, 100
2026/09/25 11:19:06.754, 74
2026/09/25 11:19:07.254, 75
2026/09/25 11:19:07.754, 78
2026/09/25 11:19:08.254, 92
2026/09/25 11:19:08.754, 100
2026/09/25 11:19:09.254, 100
2026/09/25 11:19:09.754, 100
2026/09/25 11:19:10.255, 100
2026/09/25 11:19:10.755, 73
2026/09/25 11:19:11.255, 76
2026/09/25 11:19:11.755, 100
2026/09/25 11:19:12.255, 100
2026/09/25 11:19:12.755, 100
2026/09/25 11:19:13.255, 100
2026/09/25 11:19:13.755, 96
2026/09/25 11:19:14.256, 60
2026/09/25 11:19:14.756, 62
2026/09/25 11:19:15.256, 76
2026/09/25 11:19:15.756, 100
2026/09/25 11:19:16.256, 100
2026/09/25 11:19:16.756, 100
2026/09/25 11:19:17.256, 100
2026/09/25 11:19:17.757, 61
2026/09/25 11:19:18.257, 76
2026/09/25 11:19:18.757, 76
2026/09/25 11:19:19.257, 100
2026/09/25 11:19:19.757, 100
2026/09/25 11:19:20.257, 100
2026/09/25 11:19:20.757, 100
2026/09/25 11:19:21.258, 100
2026/09/25 11:19:21.758, 76
2026/09/25 11:19:22.258, 78
2026/09/25 11:19:22.758, 100
2026/09/25 11:19:23.258, 100
2026/09/25 11:19:23.758, 100
2026/09/25 11:19:24.258, 100
2026/09/25 11:19:24.758, 100
2026/09/25 11:19:25.259, 74
2026/09/25 11:19:25.759, 77
2026/09/25 11:19:26.259, 79
2026/09/25 11:19:26.759, 100
2026/09/25 11:19:27.259, 100
2026/09/25 11:19:27.759, 100
2026/09/25 11:19:28.259, 100
2026/09/25 11:19:28.760, 75
2026/09/25 11:19:29.260, 77
2026/09/25 11:19:29.760, 79
2026/09/25 11:19:30.260, 100
2026/09/25 11:19:30.760, 100
2026/09/25 11:19:31.260, 100
2026/09/25 11:19:31.760, 100
2026/09/25 11:19:32.261, 74
2026/09/25 11:19:32.761, 77
2026/09/25 11:19:33.261, 78
2026/09/25 11:19:33.761, 49
